"id","day","previous_deaths","new_deaths","previous_cases","new_cases"
"13",1,0,0,0,0
"17",1,0,0,0,0
"21",1,0,0,0,0
"18",1,0,0,0,0
"15",1,0,0,0,0
"08",1,0,0,18,18
"06",1,0,0,0,0
"12",1,0,0,3,2
"07",1,0,0,0,0
"03",1,6,6,172,166
"11",1,0,0,0,0
"14",1,0,0,0,0
"01",1,0,0,3,3
"16",1,0,0,0,0
"20",1,0,0,0,0
"19",1,0,0,0,0
"09",1,0,0,0,0
"22",1,0,0,0,0
"10",1,0,0,0,0
"02",1,0,0,0,0
"05",1,1,1,33,32
"13",2,0,0,0,0
"17",2,0,0,0,0
"21",2,0,0,1,1
"18",2,0,0,0,0
"15",2,0,0,0,0
"08",2,0,0,26,8
"06",2,0,0,0,0
"12",2,0,0,3,0
"07",2,0,0,1,1
"03",2,15,9,240,68
"11",2,0,0,0,0
"14",2,0,0,0,0
"01",2,0,0,3,0
"16",2,0,0,0,0
"20",2,0,0,0,0
"19",2,0,0,3,3
"09",2,0,0,2,2
"22",2,0,0,0,0
"10",2,0,0,0,0
"02",2,0,0,0,0
"05",2,2,1,43,10
"13",3,0,0,0,0
"17",3,0,0,0,0
"21",3,0,0,1,0
"18",3,0,0,0,0
"15",3,0,0,0,0
"08",3,1,1,47,21
"06",3,0,0,0,0
"12",3,0,0,3,0
"07",3,0,0,11,10
"03",3,24,9,258,18
"11",3,0,0,1,1
"14",3,0,0,0,0
"01",3,0,0,3,0
"16",3,0,0,0,0
"20",3,0,0,0,0
"19",3,0,0,3,0
"09",3,0,0,2,0
"22",3,0,0,0,0
"10",3,0,0,0,0
"02",3,0,0,0,0
"05",3,4,2,71,28
"13",4,0,0,1,1
"17",4,0,0,0,0
"21",4,0,0,1,0
"18",4,0,0,0,0
"15",4,0,0,3,3
"08",4,2,1,97,50
"06",4,0,0,0,0
"12",4,0,0,3,0
"07",4,0,0,19,8
"03",4,38,14,403,145
"11",4,0,0,3,2
"14",4,0,0,0,0
"01",4,0,0,2,-1
"16",4,0,0,1,1
"20",4,0,0,0,0
"19",4,0,0,4,1
"09",4,0,0,2,0
"22",4,0,0,0,0
"10",4,0,0,0,0
"02",4,0,0,0,0
"05",4,6,2,111,40
"13",5,0,0,1,0
"17",5,0,0,0,0
"21",5,0,0,1,0
"18",5,0,0,1,1
"15",5,0,0,4,1
"08",5,4,2,145,48
"06",5,0,0,0,0
"12",5,0,0,3,0
"07",5,0,0,19,0
"03",5,55,17,531,128
"11",5,0,0,6,3
"14",5,0,0,0,0
"01",5,0,0,11,9
"16",5,0,0,3,2
"20",5,0,0,0,0
"19",5,0,0,4,0
"09",5,0,0,8,6
"22",5,0,0,0,0
"10",5,0,0,0,0
"02",5,0,0,0,0
"05",5,8,2,151,40
"13",6,0,0,2,1
"17",6,0,0,0,0
"21",6,0,0,1,0
"18",6,0,0,1,0
"15",6,0,0,13,9
"08",6,8,4,217,72
"06",6,0,0,0,0
"12",6,0,0,6,3
"07",6,0,0,42,23
"03",6,78,23,615,84
"11",6,0,0,11,5
"14",6,0,0,0,0
"01",6,0,0,11,0
"16",6,0,0,3,0
"20",6,0,0,0,0
"19",6,0,0,4,0
"09",6,0,0,11,3
"22",6,0,0,0,0
"10",6,0,0,0,0
"02",6,0,0,0,0
"05",6,10,2,191,40
"13",7,0,0,5,3
"17",7,0,0,0,0
"21",7,0,0,1,0
"18",7,0,0,1,0
"15",7,0,0,17,4
"08",7,16,8,285,68
"06",7,0,0,6,6
"12",7,0,0,6,0
"07",7,0,0,25,-17
"03",7,102,24,984,369
"11",7,0,0,25,14
"14",7,0,0,0,0
"01",7,0,0,49,38
"16",7,0,0,3,0
"20",7,0,0,0,0
"19",7,0,0,9,5
"09",7,0,0,13,2
"22",7,0,0,0,0
"10",7,0,0,2,2
"02",7,0,0,0,0
"05",7,12,2,263,72
"13",8,0,0,5,0
"17",8,0,0,0,0
"21",8,0,0,1,0
"18",8,0,0,1,0
"15",8,0,0,17,0
"08",8,27,11,335,50
"06",8,0,0,9,3
"12",8,0,0,7,1
"07",8,0,0,22,-3
"03",8,140,38,1254,270
"11",8,1,1,35,10
"14",8,0,0,0,0
"01",8,0,0,51,2
"16",8,0,0,4,1
"20",8,0,0,0,0
"19",8,0,0,7,-2
"09",8,0,0,13,0
"22",8,0,0,0,0
"10",8,0,0,2,0
"02",8,0,0,0,0
"05",8,14,2,273,10
"13",9,0,0,6,1
"17",9,0,0,1,1
"21",9,0,0,1,0
"18",9,0,0,1,0
"15",9,0,0,30,13
"08",9,45,18,420,85
"06",9,0,0,13,4
"12",9,0,0,14,7
"07",9,1,1,24,2
"03",9,195,55,1520,266
"11",9,3,2,61,26
"14",9,0,0,3,3
"01",9,0,0,56,5
"16",9,0,0,6,2
"20",9,0,0,1,1
"19",9,0,0,7,0
"09",9,0,0,19,6
"22",9,0,0,4,4
"10",9,0,0,8,6
"02",9,0,0,0,0
"05",9,17,3,307,34
"13",10,0,0,7,1
"17",10,0,0,1,0
"21",10,0,0,1,0
"18",10,0,0,1,0
"15",10,0,0,31,1
"08",10,67,22,544,124
"06",10,0,0,18,5
"12",10,0,0,30,16
"07",10,2,1,26,2
"03",10,268,73,1820,300
"11",10,7,4,84,23
"14",10,0,0,3,0
"01",10,0,0,82,26
"16",10,1,1,9,3
"20",10,0,0,2,1
"19",10,0,0,18,11
"09",10,0,0,38,19
"22",10,0,0,5,1
"10",10,0,0,9,1
"02",10,0,0,0,0
"05",10,23,6,360,53
"13",11,0,0,8,1
"17",11,0,0,1,0
"21",11,0,0,1,0
"18",11,0,0,2,1
"15",11,0,0,45,14
"08",11,97,30,698,154
"06",11,0,0,21,3
"12",11,0,0,44,14
"07",11,5,3,28,2
"03",11,366,98,2251,431
"11",11,11,4,124,40
"14",11,0,0,7,4
"01",11,2,2,108,26
"16",11,2,1,14,5
"20",11,0,0,2,0
"19",11,0,0,18,0
"09",11,0,0,61,23
"22",11,0,0,7,2
"10",11,0,0,9,0
"02",11,0,0,2,2
"05",11,33,10,407,47
"13",12,0,0,9,1
"17",12,0,0,3,2
"21",12,0,0,4,3
"18",12,0,0,4,2
"15",12,0,0,57,12
"08",12,134,37,870,172
"06",12,0,0,31,10
"12",12,1,1,54,10
"07",12,8,3,32,4
"03",12,501,135,2612,361
"11",12,15,4,159,35
"14",12,0,0,12,5
"01",12,6,4,143,35
"16",12,3,1,17,3
"20",12,0,0,5,3
"19",12,0,0,24,6
"09",12,0,0,79,18
"22",12,0,0,10,3
"10",12,0,0,16,7
"02",12,0,0,7,5
"05",12,45,12,488,81
"13",13,0,0,11,2
"17",13,0,0,3,0
"21",13,0,0,9,5
"18",13,0,0,4,0
"15",13,0,0,61,4
"08",13,182,48,1010,140
"06",13,0,0,42,11
"12",13,2,1,76,22
"07",13,12,4,51,19
"03",13,655,154,3420,808
"11",13,21,6,207,48
"14",13,0,0,14,2
"01",13,11,5,207,64
"16",13,5,2,26,9
"20",13,0,0,5,0
"19",13,0,0,35,11
"09",13,0,0,113,34
"22",13,0,0,14,4
"10",13,0,0,24,8
"02",13,0,0,8,1
"05",13,58,13,543,55
"13",14,0,0,17,6
"17",14,0,0,4,1
"21",14,0,0,9,0
"18",14,0,0,9,5
"15",14,0,0,101,40
"08",14,238,56,1180,170
"06",14,1,1,57,15
"12",14,5,3,87,11
"07",14,18,6,78,27
"03",14,922,267,4189,769
"11",14,28,7,272,65
"14",14,0,0,14,0
"01",14,16,5,360,153
"16",14,8,3,40,14
"20",14,0,0,11,6
"19",14,0,0,53,18
"09",14,0,0,166,53
"22",14,0,0,23,9
"10",14,0,0,26,2
"02",14,0,0,9,1
"05",14,76,18,670,127
"13",15,0,0,30,13
"17",15,0,0,5,1
"21",15,0,0,9,0
"18",15,0,0,11,2
"15",15,0,0,120,19
"08",15,308,70,1386,206
"06",15,2,1,93,36
"12",15,10,5,102,15
"07",15,25,7,109,31
"03",15,1255,333,5469,1280
"11",15,38,10,323,51
"14",15,0,0,14,0
"01",15,29,13,350,-10
"16",15,11,3,50,10
"20",15,0,0,19,8
"19",15,0,0,54,1
"09",15,1,1,208,42
"22",15,0,0,33,10
"10",15,0,0,28,2
"02",15,0,0,15,6
"05",15,96,20,744,74
"13",16,1,1,38,8
"17",16,0,0,7,2
"21",16,0,0,38,29
"18",16,0,0,13,2
"15",16,0,0,127,7
"08",16,393,85,1533,147
"06",16,5,3,116,23
"12",16,16,6,116,14
"07",16,33,8,141,32
"03",16,1723,468,5791,322
"11",16,51,13,394,71
"14",16,0,0,15,1
"01",16,46,17,453,103
"16",16,14,3,59,9
"20",16,0,0,20,1
"19",16,0,0,62,8
"09",16,2,1,264,56
"22",16,0,0,52,19
"10",16,0,0,37,9
"02",16,0,0,17,2
"05",16,122,26,856,112
"13",17,2,1,38,0
"17",17,0,0,8,1
"21",17,0,0,75,37
"18",17,0,0,19,6
"15",17,1,1,154,27
"08",17,506,113,1739,206
"06",17,11,6,126,10
"12",17,22,6,150,34
"07",17,41,8,194,53
"03",17,2340,617,7280,1489
"11",17,69,18,479,85
"14",17,0,0,16,1
"01",17,67,21,501,48
"16",17,19,5,77,18
"20",17,0,0,37,17
"19",17,0,0,83,21
"09",17,3,1,320,56
"22",17,0,0,77,25
"10",17,0,0,46,9
"02",17,1,1,20,3
"05",17,151,29,1023,167
"13",18,4,2,84,46
"17",18,0,0,8,0
"21",18,1,1,104,29
"18",18,0,0,33,14
"15",18,2,1,179,25
"08",18,652,146,1947,208
"06",18,19,8,167,41
"12",18,31,9,200,50
"07",18,52,11,274,80
"03",18,3084,744,8725,1445
"11",18,91,22,592,113
"14",18,0,0,16,0
"01",18,93,26,580,79
"16",18,24,5,104,27
"20",18,0,0,39,2
"19",18,2,2,115,32
"09",18,8,5,364,44
"22",18,1,1,107,30
"10",18,0,0,64,18
"02",18,2,1,27,7
"05",18,183,32,1384,361
"13",19,6,2,89,5
"17",19,0,0,10,2
"21",19,3,2,125,21
"18",19,0,0,38,5
"15",19,4,2,220,41
"08",19,853,201,2263,316
"06",19,29,10,257,90
"12",19,42,11,277,77
"07",19,69,17,345,71
"03",19,3974,890,9820,1095
"11",19,118,27,725,133
"14",19,0,0,17,1
"01",19,139,46,840,260
"16",19,29,5,129,25
"20",19,0,0,43,4
"19",19,4,2,130,15
"09",19,13,5,470,106
"22",19,3,2,163,56
"10",19,1,1,76,12
"02",19,3,1,28,1
"05",19,225,42,1595,211
"13",20,8,2,112,23
"17",20,0,0,10,0
"21",20,6,3,173,48
"18",20,0,0,60,22
"15",20,10,6,272,52
"08",20,1094,241,2644,381
"06",20,42,13,301,44
"12",20,55,13,357,80
"07",20,96,27,463,118
"03",20,4940,966,11685,1865
"11",20,154,36,899,174
"14",20,0,0,17,0
"01",20,198,59,873,33
"16",20,37,8,166,37
"20",20,0,0,47,4
"19",20,6,2,156,26
"09",20,19,6,630,160
"22",20,5,2,206,43
"10",20,2,1,107,31
"02",20,4,1,42,14
"05",20,280,55,1937,342
"13",21,11,3,137,25
"17",21,0,0,11,1
"21",21,11,5,204,31
"18",21,1,1,68,8
"15",21,19,9,333,61
"08",21,1378,284,3093,449
"06",21,56,14,347,46
"12",21,71,16,436,79
"07",21,129,33,559,96
"03",21,6158,1218,13272,1587
"11",21,200,46,1133,234
"14",21,0,0,17,0
"01",21,279,81,1111,238
"16",21,53,16,230,64
"20",21,2,2,77,30
"19",21,8,2,188,32
"09",21,27,8,781,151
"22",21,11,6,378,172
"10",21,3,1,143,36
"02",21,5,1,57,15
"05",21,343,63,2172,235
"13",22,15,4,176,39
"17",22,0,0,12,1
"21",22,17,6,241,37
"18",22,2,1,89,21
"15",22,28,9,400,67
"08",22,1724,346,3522,429
"06",22,78,22,386,39
"12",22,90,19,523,87
"07",22,179,50,667,108
"03",22,7578,1420,14649,1377
"11",22,257,57,1242,109
"14",22,1,1,21,4
"01",22,390,111,1516,405
"16",22,69,16,230,0
"20",22,4,2,107,30
"19",22,10,2,213,25
"09",22,41,14,866,85
"22",22,17,6,378,0
"10",22,4,1,164,21
"02",22,7,2,105,48
"05",22,412,69,2473,301
"13",23,21,6,229,53
"17",23,0,0,20,8
"21",23,25,8,291,50
"18",23,3,1,114,25
"15",23,37,9,460,60
"08",23,2117,393,3931,409
"06",23,108,30,394,8
"12",23,113,23,607,84
"07",23,239,60,778,111
"03",23,9218,1640,16220,1571
"11",23,326,69,1371,129
"14",23,2,1,25,4
"01",23,523,133,1897,381
"16",23,87,18,340,110
"20",23,6,2,117,10
"19",23,13,3,237,24
"09",23,58,17,1053,187
"22",23,24,7,385,7
"10",23,5,1,197,33
"02",23,9,2,136,31
"05",23,492,80,2704,231
"13",24,28,7,263,34
"17",24,0,0,27,7
"21",24,34,9,376,85
"18",24,4,1,129,15
"15",24,46,9,460,0
"08",24,2575,458,4525,594
"06",24,139,31,462,68
"12",24,145,32,724,117
"07",24,312,73,887,109
"03",24,11177,1959,17713,1493
"11",24,418,92,1568,197
"14",24,3,1,28,3
"01",24,677,154,2341,444
"16",24,106,19,383,43
"20",24,8,2,134,17
"19",24,16,3,282,45
"09",24,80,22,1330,277
"22",24,31,7,455,70
"10",24,7,2,247,50
"02",24,12,3,165,29
"05",24,586,94,3214,510
"13",25,39,11,385,122
"17",25,0,0,37,10
"21",25,48,14,436,60
"18",25,7,3,169,40
"15",25,63,17,652,192
"08",25,3106,531,5214,689
"06",25,175,36,599,137
"12",25,183,38,823,99
"07",25,403,91,1059,172
"03",25,13345,2168,19884,2171
"11",25,533,115,1737,169
"14",25,5,2,46,18
"01",25,852,175,2932,591
"16",25,131,25,478,95
"20",25,10,2,206,72
"19",25,20,4,340,58
"09",25,118,38,1482,152
"22",25,43,12,523,68
"10",25,9,2,334,87
"02",25,18,6,215,50
"05",25,701,115,3484,270
"13",26,56,17,449,64
"17",26,0,0,52,15
"21",26,65,17,548,112
"18",26,11,4,207,38
"15",26,80,17,749,97
"08",26,3746,640,5968,754
"06",26,213,38,656,57
"12",26,226,43,1008,185
"07",26,522,119,1221,162
"03",26,15894,2549,22264,2380
"11",26,670,137,1981,244
"14",26,10,5,50,4
"01",26,1061,209,3461,529
"16",26,157,26,581,103
"20",26,12,2,293,87
"19",26,24,4,408,68
"09",26,165,47,1793,311
"22",26,56,13,642,119
"10",26,16,7,395,61
"02",26,25,7,264,49
"05",26,832,131,4031,547
"13",27,78,22,529,80
"17",27,0,0,66,14
"21",27,85,20,621,73
"18",27,16,5,235,28
"15",27,102,22,844,95
"08",27,4461,715,6705,737
"06",27,255,42,790,134
"12",27,276,50,1190,182
"07",27,674,152,1436,215
"03",27,18989,3095,25515,3251
"11",27,824,154,2153,172
"14",27,17,7,61,11
"01",27,1299,238,3752,291
"16",27,186,29,675,94
"20",27,16,4,330,37
"19",27,30,6,490,82
"09",27,237,72,2012,219
"22",27,84,28,782,140
"10",27,26,10,462,67
"02",27,33,8,313,49
"05",27,978,146,4617,586
"13",28,111,33,587,58
"17",28,0,0,81,15
"21",28,108,23,678,57
"18",28,24,8,273,38
"15",28,131,29,936,92
"08",28,5277,816,7555,850
"06",28,302,47,874,84
"12",28,329,53,1383,193
"07",28,845,171,1665,229
"03",28,22445,3456,27206,1691
"11",28,1008,184,2421,268
"14",28,24,7,66,5
"01",28,1582,283,4420,668
"16",28,217,31,786,111
"20",28,23,7,339,9
"19",28,38,8,630,140
"09",28,328,91,2277,265
"22",28,119,35,954,172
"10",28,42,16,521,59
"02",28,42,9,364,51
"05",28,1147,169,5122,505
"13",29,149,38,663,76
"17",29,1,1,90,9
"21",29,137,29,724,46
"18",29,31,7,292,19
"15",29,180,49,1026,90
"08",29,6169,892,8535,980
"06",29,356,54,930,56
"12",29,392,63,1540,157
"07",29,1057,212,1924,259
"03",29,26221,3776,28761,1555
"11",29,1211,203,2569,148
"14",29,31,7,67,1
"01",29,1897,315,4861,441
"16",29,254,37,906,120
"20",29,34,11,359,20
"19",29,51,13,721,91
"09",29,437,109,2461,184
"22",29,160,41,1023,69
"10",29,58,16,577,56
"02",29,54,12,393,29
"05",29,1339,192,5505,383
"13",30,195,46,689,26
"17",30,2,1,92,2
"21",30,175,38,781,57
"18",30,41,10,319,27
"15",30,236,56,1101,75
"08",30,7154,985,9254,719
"06",30,420,64,992,62
"12",30,472,80,1728,188
"07",30,1288,231,2116,192
"03",30,30399,4178,30703,1942
"11",30,1442,231,2736,167
"14",30,39,8,73,6
"01",30,2271,374,5515,654
"16",30,298,44,1005,99
"20",30,49,15,421,62
"19",30,71,20,846,125
"09",30,566,129,2699,238
"22",30,216,56,1110,87
"10",30,77,19,648,71
"02",30,73,19,400,7
"05",30,1555,216,5948,443
"13",31,247,52,813,124
"17",31,3,1,113,21
"21",31,218,43,858,77
"18",31,52,11,351,32
"15",31,310,74,1199,98
"08",31,8231,1077,10054,800
"06",31,490,70,1139,147
"12",31,567,95,1901,173
"07",31,1542,254,2305,189
"03",31,34873,4474,32346,1643
"11",31,1729,287,2934,198
"14",31,47,8,73,0
"01",31,2720,449,6024,509
"16",31,346,48,1093,88
"20",31,67,18,442,21
"19",31,96,25,994,148
"09",31,708,142,2972,273
"22",31,290,74,1222,112
"10",31,96,19,710,62
"02",31,97,24,401,1
"05",31,1813,258,6442,494
"13",32,310,63,946,133
"17",32,4,1,134,21
"21",32,266,48,906,48
"18",32,66,14,393,42
"15",32,393,83,1310,111
"08",32,9405,1174,10816,762
"06",32,562,72,1223,84
"12",32,673,106,2096,195
"07",32,1822,280,2567,262
"03",32,39734,4861,34889,2543
"11",32,2039,310,3114,180
"14",32,55,8,103,30
"01",32,3169,449,6534,510
"16",32,411,65,1182,89
"20",32,86,19,494,52
"19",32,129,33,1164,170
"09",32,866,158,3226,254
"22",32,376,86,1297,75
"10",32,116,20,802,92
"02",32,125,28,408,7
"05",32,2100,287,6935,493
"13",33,378,68,1017,71
"17",33,7,3,151,17
"21",33,326,60,1003,97
"18",33,84,18,494,101
"15",33,491,98,1454,144
"08",33,10672,1267,11588,772
"06",33,638,76,1317,94
"12",33,791,118,2295,199
"07",33,2153,331,2696,129
"03",33,45136,5402,37298,2409
"11",33,2375,336,3196,82
"14",33,64,9,109,6
"01",33,3738,569,7092,558
"16",33,480,69,1334,152
"20",33,107,21,530,36
"19",33,168,39,1250,86
"09",33,1043,177,3450,224
"22",33,478,102,1391,94
"10",33,137,21,884,82
"02",33,162,37,452,44
"05",33,2413,313,7497,562
"13",34,454,76,1133,116
"17",34,10,3,182,31
"21",34,390,64,1109,106
"18",34,105,21,555,61
"15",34,600,109,1592,138
"08",34,12016,1344,12383,795
"06",34,725,87,1436,119
"12",34,915,124,2505,210
"07",34,2511,358,2822,126
"03",34,51080,5944,39415,2117
"11",34,2739,364,3373,177
"14",34,73,9,123,14
"01",34,4355,617,7671,579
"16",34,551,71,1458,124
"20",34,133,26,624,94
"19",34,225,57,1359,109
"09",34,1241,198,3817,367
"22",34,598,120,1505,114
"10",34,165,28,969,85
"02",34,203,41,511,59
"05",34,2775,362,7930,433
"13",35,542,88,1293,160
"17",35,14,4,202,20
"21",35,454,64,1214,105
"18",35,130,25,614,59
"15",35,717,117,1759,167
"08",35,13459,1443,13119,736
"06",35,823,98,1480,44
"12",35,1051,136,2706,201
"07",35,2888,377,3076,254
"03",35,57440,6360,41007,1592
"11",35,3125,386,3558,185
"14",35,82,9,127,4
"01",35,5039,684,8206,535
"16",35,637,86,1549,91
"20",35,160,27,638,14
"19",35,290,65,1460,101
"09",35,1456,215,4122,305
"22",35,727,129,1594,89
"10",35,196,31,1023,54
"02",35,246,43,584,73
"05",35,3167,392,8358,428
"13",36,644,102,1345,52
"17",36,19,5,214,12
"21",36,528,74,1325,111
"18",36,161,31,647,33
"15",36,842,125,1952,193
"08",36,14997,1538,13531,412
"06",36,930,107,1501,21
"12",36,1201,150,2914,208
"07",36,3285,397,3217,141
"03",36,64258,6818,42161,1154
"11",36,3542,417,3684,126
"14",36,91,9,134,7
"01",36,5788,749,8712,506
"16",36,728,91,1712,163
"20",36,188,28,682,44
"19",36,366,76,1555,95
"09",36,1687,231,4412,290
"22",36,874,147,1682,88
"10",36,229,33,1051,28
"02",36,296,50,584,0
"05",36,3580,413,8724,366
"13",37,759,115,1401,56
"17",37,26,7,226,12
"21",37,604,76,1371,46
"18",37,197,36,659,12
"15",37,975,133,2092,140
"08",37,16641,1644,14074,543
"06",37,1043,113,1593,92
"12",37,1363,162,3095,181
"07",37,3713,428,3416,199
"03",37,71457,7199,43208,1047
"11",37,3994,452,3825,141
"14",37,100,9,144,10
"01",37,6642,854,9301,589
"16",37,838,110,1803,91
"20",37,219,31,722,40
"19",37,447,81,1647,92
"09",37,1931,244,4608,196
"22",37,1038,164,1746,64
"10",37,266,37,1078,27
"02",37,352,56,628,44
"05",37,4057,477,9155,431
"13",38,882,123,1436,35
"17",38,35,9,237,11
"21",38,720,116,1418,47
"18",38,235,38,669,10
"15",38,1123,148,2231,139
"08",38,18373,1732,14787,713
"06",38,1165,122,1685,92
"12",38,1532,169,3264,169
"07",38,4173,460,3660,244
"03",38,79050,7593,44773,1565
"11",38,4471,477,3962,137
"14",38,110,10,160,16
"01",38,7528,886,9795,494
"16",38,967,129,1946,143
"20",38,253,34,745,23
"19",38,535,88,1718,71
"09",38,2184,253,4867,259
"22",38,1211,173,1870,124
"10",38,303,37,1095,17
"02",38,411,59,631,3
"05",38,4556,499,9625,470
"13",39,1015,133,1497,61
"17",39,45,10,246,9
"21",39,849,129,1479,61
"18",39,276,41,691,22
"15",39,1290,167,2456,225
"08",39,20184,1811,15333,546
"06",39,1294,129,1799,114
"12",39,1717,185,3433,169
"07",39,4661,488,3782,122
"03",39,87010,7960,46065,1292
"11",39,4974,503,4098,136
"14",39,121,11,165,5
"01",39,8511,983,10353,558
"16",39,1111,144,2077,131
"20",39,293,40,794,49
"19",39,628,93,1791,73
"09",39,2452,268,5273,406
"22",39,1398,187,2003,133
"10",39,341,38,1128,33
"02",39,474,63,668,37
"05",39,5088,532,10111,486
"13",40,1161,146,1563,66
"17",40,56,11,261,15
"21",40,988,139,1559,80
"18",40,321,45,733,42
"15",40,1471,181,2677,221
"08",40,22086,1902,15932,599
"06",40,1430,136,1879,80
"12",40,1916,199,3600,167
"07",40,5180,519,3965,183
"03",40,95321,8311,47520,1455
"11",40,5531,557,4230,132
"14",40,132,11,176,11
"01",40,9554,1043,10896,543
"16",40,1275,164,2182,105
"20",40,334,41,825,31
"19",40,729,101,1859,68
"09",40,2742,290,5499,226
"22",40,1602,204,2109,106
"10",40,380,39,1179,51
"02",40,544,70,719,51
"05",40,5660,572,10464,353
"13",41,1314,153,1628,65
"17",41,67,11,264,3
"21",41,1134,146,1592,33
"18",41,370,49,741,8
"15",41,1657,186,2828,151
"08",41,24063,1977,16540,608
"06",41,1575,145,1986,107
"12",41,2128,212,3757,157
"07",41,5722,542,4203,238
"03",41,103977,8656,49118,1598
"11",41,6105,574,4341,111
"14",41,143,11,206,30
"01",41,10682,1128,11709,813
"16",41,1448,173,2240,58
"20",41,375,41,874,49
"19",41,840,111,1932,73
"09",41,3049,307,5671,172
"22",41,1812,210,2220,111
"10",41,421,41,1210,31
"02",41,626,82,748,29
"05",41,6267,607,10824,360
"13",42,1472,158,1703,75
"17",42,80,13,278,14
"21",42,1292,158,1644,52
"18",42,426,56,795,54
"15",42,1846,189,2960,132
"08",42,26114,2051,17089,549
"06",42,1729,154,2048,62
"12",42,2347,219,3880,123
"07",42,6278,556,4449,246
"03",42,112882,8905,50455,1337
"11",42,6704,599,4464,123
"14",42,156,13,224,18
"01",42,11850,1168,12362,653
"16",42,1630,182,2317,77
"20",42,418,43,907,33
"19",42,956,116,1994,62
"09",42,3374,325,5847,176
"22",42,2029,217,2285,65
"10",42,464,43,1239,29
"02",42,717,91,782,34
"05",42,6898,631,11226,402
"13",43,1641,169,1721,18
"17",43,93,13,287,9
"21",43,1456,164,1722,78
"18",43,484,58,817,22
"15",43,2050,204,3058,98
"08",43,28222,2108,17556,467
"06",43,1887,158,2103,55
"12",43,2576,229,4031,151
"07",43,6873,595,4549,100
"03",43,122084,9202,51534,1079
"11",43,7316,612,4614,150
"14",43,169,13,224,0
"01",43,13101,1251,12924,562
"16",43,1825,195,2444,127
"20",43,465,47,922,15
"19",43,1079,123,2046,52
"09",43,3724,350,6001,154
"22",43,2259,230,2348,63
"10",43,508,44,1253,14
"02",43,813,96,805,23
"05",43,7560,662,11588,362
"13",44,1813,172,1799,78
"17",44,107,14,291,4
"21",44,1630,174,1811,89
"18",44,544,60,833,16
"15",44,2266,216,3148,90
"08",44,30402,2180,17825,269
"06",44,2051,164,2153,50
"12",44,2814,238,4149,118
"07",44,7493,620,4757,208
"03",44,131568,9484,52325,791
"11",44,7946,630,4710,96
"14",44,182,13,224,0
"01",44,14420,1319,13343,419
"16",44,2034,209,2514,70
"20",44,517,52,935,13
"19",44,1204,125,2097,51
"09",44,4093,369,6173,172
"22",44,2503,244,2476,128
"10",44,557,49,1263,10
"02",44,913,100,835,30
"05",44,8255,695,11925,337
"13",45,1992,179,1859,60
"17",45,121,14,297,6
"21",45,1813,183,1835,24
"18",45,604,60,859,26
"15",45,2487,221,3268,120
"08",45,32636,2234,18234,409
"06",45,2220,169,2218,65
"12",45,3058,244,4266,117
"07",45,8147,654,4906,149
"03",45,141290,9722,53414,1089
"11",45,8598,652,4859,149
"14",45,195,13,226,2
"01",45,15798,1378,13883,540
"16",45,2253,219,2634,120
"20",45,576,59,975,40
"19",45,1337,133,2159,62
"09",45,4485,392,6379,206
"22",45,2758,255,2602,126
"10",45,607,50,1289,26
"02",45,1015,102,850,15
"05",45,8991,736,12410,485
"13",46,2186,194,1931,72
"17",46,136,15,303,6
"21",46,2000,187,1903,68
"18",46,665,61,874,15
"15",46,2714,227,3344,76
"08",46,34952,2316,18677,443
"06",46,2391,171,2299,81
"12",46,3311,253,4429,163
"07",46,8829,682,5020,114
"03",46,151312,10022,54802,1388
"11",46,9267,669,4955,96
"14",46,208,13,234,8
"01",46,17252,1454,14522,639
"16",46,2478,225,2716,82
"20",46,640,64,1026,51
"19",46,1475,138,2232,73
"09",46,4893,408,6552,173
"22",46,3026,268,2708,106
"10",46,658,51,1298,9
"02",46,1120,105,868,18
"05",46,9747,756,12933,523
"13",47,2384,198,2014,83
"17",47,151,15,308,5
"21",47,2191,191,1955,52
"18",47,730,65,901,27
"15",47,2945,231,3442,98
"08",47,37349,2397,19128,451
"06",47,2570,179,2349,50
"12",47,3574,263,4583,154
"07",47,9538,709,5191,171
"03",47,161550,10238,56048,1246
"11",47,9949,682,5084,129
"14",47,221,13,243,9
"01",47,18784,1532,15012,490
"16",47,2716,238,2809,93
"20",47,709,69,1063,37
"19",47,1623,148,2302,70
"09",47,5347,454,6727,175
"22",47,3301,275,2816,108
"10",47,710,52,1302,4
"02",47,1227,107,879,11
"05",47,10540,793,13421,488
"13",48,2590,206,2120,106
"17",48,168,17,312,4
"21",48,2391,200,1957,2
"18",48,796,66,915,14
"15",48,3183,238,3517,75
"08",48,39830,2481,19635,507
"06",48,2755,185,2393,44
"12",48,3847,273,4723,140
"07",48,10272,734,5376,185
"03",48,172061,10511,57592,1544
"11",48,10638,689,5211,127
"14",48,235,14,246,3
"01",48,20417,1633,16008,996
"16",48,2969,253,2904,95
"20",48,782,73,1091,28
"19",48,1777,154,2364,62
"09",48,5814,467,6958,231
"22",48,3585,284,2970,154
"10",48,762,52,1309,7
"02",48,1334,107,902,23
"05",48,11371,831,13768,347
"13",49,2802,212,2160,40
"17",49,186,18,315,3
"21",49,2596,205,2098,141
"18",49,862,66,923,8
"15",49,3425,242,3604,87
"08",49,42394,2564,20098,463
"06",49,2950,195,2431,38
"12",49,4126,279,4845,122
"07",49,11021,749,5494,118
"03",49,182682,10621,59052,1460
"11",49,11338,700,5303,92
"14",49,250,15,257,11
"01",49,22146,1729,16660,652
"16",49,3229,260,2989,85
"20",49,855,73,1113,22
"19",49,1940,163,2416,52
"09",49,6309,495,7235,277
"22",49,3878,293,3053,83
"10",49,814,52,1319,10
"02",49,1446,112,921,19
"05",49,12227,856,14077,309
"13",50,3026,224,2213,53
"17",50,204,18,319,4
"21",50,2808,212,2149,51
"18",50,929,67,928,5
"15",50,3673,248,3670,66
"08",50,45009,2615,20440,342
"06",50,3152,202,2482,51
"12",50,4410,284,4968,123
"07",50,11781,760,5596,102
"03",50,193583,10901,60314,1262
"11",50,12051,713,5381,78
"14",50,265,15,257,0
"01",50,23972,1826,17134,474
"16",50,3496,267,3065,76
"20",50,930,75,1128,15
"19",50,2111,171,2458,42
"09",50,6827,518,7390,155
"22",50,4178,300,3126,73
"10",50,866,52,1320,1
"02",50,1561,115,927,6
"05",50,13109,882,14251,174
"13",51,3258,232,2245,32
"17",51,223,19,319,0
"21",51,3022,214,2184,35
"18",51,997,68,956,28
"15",51,3933,260,3769,99
"08",51,47714,2705,20752,312
"06",51,3358,206,2520,38
"12",51,4710,300,5111,143
"07",51,12574,793,5808,212
"03",51,204725,11142,61326,1012
"11",51,12779,728,5426,45
"14",51,280,15,257,0
"01",51,25899,1927,17690,556
"16",51,3774,278,3118,53
"20",51,1010,80,1138,10
"19",51,2286,175,2501,43
"09",51,7365,538,7527,137
"22",51,4488,310,3141,15
"10",51,919,53,1321,1
"02",51,1679,118,947,20
"05",51,14015,906,14432,181
"13",52,3498,240,2274,29
"17",52,244,21,320,1
"21",52,3245,223,2224,40
"18",52,1068,71,971,15
"15",52,4211,278,3807,38
"08",52,50502,2788,21029,277
"06",52,3570,212,2544,24
"12",52,5021,311,5232,121
"07",52,13381,807,5936,128
"03",52,216102,11377,62153,827
"11",52,13525,746,5503,77
"14",52,295,15,263,6
"01",52,27914,2015,18229,539
"16",52,4062,288,3184,66
"20",52,1093,83,1161,23
"19",52,2467,181,2535,34
"09",52,7921,556,7666,139
"22",52,4806,318,3220,79
"10",52,973,54,1322,1
"02",52,1800,121,958,11
"05",52,14955,940,14624,192
"13",53,3741,243,2346,72
"17",53,266,22,336,16
"21",53,3470,225,2267,43
"18",53,1140,72,1009,38
"15",53,4497,286,3887,80
"08",53,53345,2843,21486,457
"06",53,3787,217,2616,72
"12",53,5337,316,5380,148
"07",53,14209,828,6039,103
"03",53,227710,11608,63094,941
"11",53,14289,764,5582,79
"14",53,311,16,263,0
"01",53,30008,2094,19108,879
"16",53,4361,299,3258,74
"20",53,1178,85,1164,3
"19",53,2654,187,2579,44
"09",53,8506,585,7943,277
"22",53,5128,322,3294,74
"10",53,1028,55,1329,7
"02",53,1922,122,971,13
"05",53,15936,981,14990,366
"13",54,3987,246,2443,97
"17",54,288,22,337,1
"21",54,3704,234,2296,29
"18",54,1213,73,991,-18
"15",54,4790,293,3951,64
"08",54,56248,2903,21834,348
"06",54,4007,220,2675,59
"12",54,5669,332,5524,144
"07",54,15075,866,6188,149
"03",54,239561,11851,64135,1041
"11",54,15074,785,5668,86
"14",54,327,16,269,6
"01",54,32179,2171,19803,695
"16",54,4668,307,3327,69
"20",54,1264,86,1178,14
"19",54,2844,190,2625,46
"09",54,9108,602,8110,167
"22",54,5470,342,3376,82
"10",54,1085,57,1337,8
"02",54,2045,123,993,22
"05",54,16962,1026,15374,384
"13",55,4240,253,2487,44
"17",55,311,23,339,2
"21",55,3943,239,2325,29
"18",55,1286,73,1011,20
"15",55,5090,300,3988,37
"08",55,59213,2965,22184,350
"06",55,4229,222,2731,56
"12",55,6009,340,5668,144
"07",55,15972,897,6301,113
"03",55,251611,12050,65381,1246
"11",55,15869,795,5721,53
"14",55,343,16,269,0
"01",55,34431,2252,20464,661
"16",55,4982,314,3409,82
"20",55,1350,86,1198,20
"19",55,3040,196,2672,47
"09",55,9726,618,8237,127
"22",55,5818,348,3431,55
"10",55,1142,57,1344,7
"02",55,2169,124,1073,80
"05",55,18021,1059,15692,318
"13",56,4498,258,2521,34
"17",56,335,24,342,3
"21",56,4188,245,2380,55
"18",56,1361,75,1035,24
"15",56,5394,304,4029,41
"08",56,62236,3023,22560,376
"06",56,4454,225,2745,14
"12",56,6350,341,5755,87
"07",56,16900,928,6528,227
"03",56,263824,12213,66236,855
"11",56,16676,807,5769,48
"14",56,360,17,279,10
"01",56,36762,2331,21057,593
"16",56,5298,316,3529,120
"20",56,1436,86,1215,17
"19",56,3240,200,2717,45
"09",56,10363,637,8372,135
"22",56,6178,360,3532,101
"10",56,1200,58,1348,4
"02",56,2294,125,1088,15
"05",56,19108,1087,15935,243
"13",57,4761,263,2612,91
"17",57,359,24,342,0
"21",57,4437,249,2394,14
"18",57,1436,75,1038,3
"15",57,5703,309,4074,45
"08",57,65315,3079,22867,307
"06",57,4693,239,2775,30
"12",57,6699,349,5815,60
"07",57,17857,957,6669,141
"03",57,276200,12376,66971,735
"11",57,17498,822,5826,57
"14",57,378,18,281,2
"01",57,39171,2409,21349,292
"16",57,5624,326,3567,38
"20",57,1522,86,1228,13
"19",57,3443,203,2759,42
"09",57,11030,667,8507,135
"22",57,6544,366,3590,58
"10",57,1258,58,1349,1
"02",57,2421,127,1088,0
"05",57,20220,1112,16127,192
"13",58,5032,271,2667,55
"17",58,383,24,350,8
"21",58,4688,251,2410,16
"18",58,1512,76,1047,9
"15",58,6020,317,4135,61
"08",58,68462,3147,23092,225
"06",58,4934,241,2792,17
"12",58,7062,363,5895,80
"07",58,18847,990,6764,95
"03",58,288779,12579,67931,960
"11",58,18332,834,5877,51
"14",58,396,18,282,1
"01",58,41656,2485,21955,606
"16",58,5975,351,3622,55
"20",58,1615,93,1236,8
"19",58,3649,206,2835,76
"09",58,11716,686,8603,96
"22",58,6920,376,3614,24
"10",58,1318,60,1353,4
"02",58,2547,126,1093,5
"05",58,21374,1154,16404,277
"13",59,5308,276,2733,66
"17",59,407,24,354,4
"21",59,4944,256,2416,6
"18",59,1588,76,1060,13
"15",59,6347,327,4185,50
"08",59,71666,3204,23434,342
"06",59,5180,246,2817,25
"12",59,7432,370,5975,80
"07",59,19869,1022,6918,154
"03",59,301519,12740,69092,1161
"11",59,19177,845,5924,47
"14",59,415,19,284,2
"01",59,44215,2559,22739,784
"16",59,6337,362,3730,108
"20",59,1711,96,1247,11
"19",59,3857,208,2883,48
"09",59,12421,705,8700,97
"22",59,7301,381,3646,32
"10",59,1379,61,1357,4
"02",59,2674,127,1095,2
"05",59,22555,1181,16738,334
"13",60,5588,280,2785,52
"17",60,431,24,356,2
"21",60,5205,261,2435,19
"18",60,1664,76,1069,9
"15",60,6679,332,4238,53
"08",60,74935,3269,23723,289
"06",60,5436,256,2858,41
"12",60,7807,375,6054,79
"07",60,20916,1047,7049,131
"03",60,314459,12940,70165,1073
"11",60,20034,857,5952,28
"14",60,435,20,284,0
"01",60,46845,2630,23140,401
"16",60,6709,372,3839,109
"20",60,1809,98,1254,7
"19",60,4070,213,2926,43
"09",60,13144,723,8780,80
"22",60,7683,382,3727,81
"10",60,1440,61,1362,5
"02",60,2801,127,1096,1
"05",60,23761,1206,16881,143
"13",61,5874,286,2803,18
"17",61,455,24,360,4
"21",61,5468,263,2456,21
"18",61,1744,80,1079,10
"15",61,7015,336,4282,44
"08",61,78238,3303,23970,247
"06",61,5694,258,2882,24
"12",61,8191,384,6132,78
"07",61,21992,1076,7173,124
"03",61,327565,13106,71256,1091
"11",61,20899,865,6028,76
"14",61,455,20,287,3
"01",61,49544,2699,23822,682
"16",61,7092,383,3881,42
"20",61,1911,102,1257,3
"19",61,4288,218,2981,55
"09",61,13886,742,8877,97
"22",61,8072,389,3776,49
"10",61,1502,62,1363,1
"02",61,2930,129,1100,4
"05",61,25005,1244,17229,348
"13",62,6167,293,2832,29
"17",62,480,25,361,1
"21",62,5733,265,2476,20
"18",62,1824,80,1088,9
"15",62,7356,341,4299,17
"08",62,81585,3347,24209,239
"06",62,5957,263,2903,21
"12",62,8578,387,6224,92
"07",62,23085,1093,7301,128
"03",62,340834,13269,71969,713
"11",62,21773,874,6058,30
"14",62,476,21,292,5
"01",62,52311,2767,24426,604
"16",62,7483,391,3912,31
"20",62,2014,103,1271,14
"19",62,4512,224,3020,39
"09",62,14646,760,9015,138
"22",62,8472,400,3838,62
"10",62,1565,63,1366,3
"02",62,3060,130,1100,0
"05",62,26293,1288,17391,162
"13",63,6462,295,2859,27
"17",63,505,25,366,5
"21",63,6002,269,2481,5
"18",63,1904,80,1089,1
"15",63,7701,345,4331,32
"08",63,84971,3386,24450,241
"06",63,6221,264,2917,14
"12",63,8967,389,6309,85
"07",63,24199,1114,7488,187
"03",63,354159,13325,72889,920
"11",63,22652,879,6111,53
"14",63,497,21,296,4
"01",63,55134,2823,24820,394
"16",63,7882,399,3948,36
"20",63,2123,109,1280,9
"19",63,4740,228,3055,35
"09",63,15424,778,9147,132
"22",63,8877,405,3894,56
"10",63,1629,64,1368,2
"02",63,3191,131,1106,6
"05",63,27608,1315,17471,80
"13",64,6761,299,2874,15
"17",64,530,25,366,0
"21",64,6272,270,2496,15
"18",64,1987,83,1096,7
"15",64,8053,352,4349,18
"08",64,88402,3431,24662,212
"06",64,6492,271,2977,60
"12",64,9364,397,6392,83
"07",64,25327,1128,7642,154
"03",64,367608,13449,73479,590
"11",64,23536,884,6127,16
"14",64,518,21,296,0
"01",64,58012,2878,25098,278
"16",64,8287,405,3958,10
"20",64,2232,109,1283,3
"19",64,4971,231,3085,30
"09",64,16219,795,9179,32
"22",64,9284,407,3995,101
"10",64,1694,65,1370,2
"02",64,3324,133,1111,5
"05",64,28952,1344,17579,108
"13",65,7071,310,2899,25
"17",65,555,25,366,0
"21",65,6544,272,2498,2
"18",65,2072,85,1097,1
"15",65,8411,358,4380,31
"08",65,91874,3472,24914,252
"06",65,6770,278,2995,18
"12",65,9778,414,6467,75
"07",65,26468,1141,7772,130
"03",65,381183,13575,74348,869
"11",65,24429,893,6175,48
"14",65,539,21,297,1
"01",65,60948,2936,25450,352
"16",65,8694,407,3980,22
"20",65,2341,109,1285,2
"19",65,5203,232,3120,35
"09",65,17030,811,9231,52
"22",65,9696,412,4025,30
"10",65,1759,65,1379,9
"02",65,3459,135,1119,8
"05",65,30360,1408,17708,129
"13",66,7386,315,2923,24
"17",66,580,25,366,0
"21",66,6818,274,2507,9
"18",66,2158,86,1102,5
"15",66,8770,359,4410,30
"08",66,95386,3512,25177,263
"06",66,7055,285,3010,15
"12",66,10209,431,6545,78
"07",66,27620,1152,7889,117
"03",66,394862,13679,75134,786
"11",66,25328,899,6210,35
"14",66,560,21,297,0
"01",66,63951,3003,25861,411
"16",66,9104,410,4029,49
"20",66,2457,116,1290,5
"19",66,5435,232,3140,20
"09",66,17857,827,9292,61
"22",66,10112,416,4069,44
"10",66,1825,66,1391,12
"02",66,3596,137,1124,5
"05",66,31797,1437,17825,117
"13",67,7706,320,2930,7
"17",67,605,25,367,1
"21",67,7093,275,2518,11
"18",67,2244,86,1108,6
"15",67,9129,359,4423,13
"08",67,98937,3551,25436,259
"06",67,7344,289,3025,15
"12",67,10650,441,6616,71
"07",67,28787,1167,7993,104
"03",67,408634,13772,75732,598
"11",67,26234,906,6247,37
"14",67,581,21,298,1
"01",67,67017,3066,26289,428
"16",67,9519,415,4072,43
"20",67,2573,116,1295,5
"19",67,5670,235,3166,26
"09",67,18699,842,9352,60
"22",67,10530,418,4116,47
"10",67,1892,67,1392,1
"02",67,3733,137,1128,4
"05",67,33256,1459,17960,135
"13",68,8030,324,2948,18
"17",68,630,25,378,11
"21",68,7371,278,2528,10
"18",68,2330,86,1112,4
"15",68,9488,359,4444,21
"08",68,102516,3579,25644,208
"06",68,7638,294,3041,16
"12",68,11132,482,6672,56
"07",68,29971,1184,8126,133
"03",68,422494,13860,76469,737
"11",68,27145,911,6275,28
"14",68,602,21,300,2
"01",68,70114,3097,26684,395
"16",68,9940,421,4099,27
"20",68,2690,117,1313,18
"19",68,5907,237,3194,28
"09",68,19553,854,9445,93
"22",68,10953,423,4132,16
"10",68,1960,68,1393,1
"02",68,3870,137,1133,5
"05",68,34735,1479,18098,138
"13",69,8357,327,2964,16
"17",69,655,25,380,2
"21",69,7650,279,2535,7
"18",69,2418,88,1112,0
"15",69,9850,362,4459,15
"08",69,106130,3614,25850,206
"06",69,7933,295,3059,18
"12",69,11629,497,6756,84
"07",69,31166,1195,8312,186
"03",69,436683,14189,77002,533
"11",69,28061,916,6298,23
"14",69,623,21,301,1
"01",69,73240,3126,27179,495
"16",69,10362,422,4133,34
"20",69,2809,119,1315,2
"19",69,6147,240,3213,19
"09",69,20416,863,9525,80
"22",69,11378,425,4181,49
"10",69,2028,68,1394,1
"02",69,4007,137,1136,3
"05",69,36237,1502,18224,126
"13",70,8687,330,2996,32
"17",70,680,25,386,6
"21",70,7931,281,2536,1
"18",70,2506,88,1114,2
"15",70,10214,364,4484,25
"08",70,109772,3642,26016,166
"06",70,8230,297,3072,13
"12",70,12137,508,6809,53
"07",70,32375,1209,8359,47
"03",70,450914,14231,77528,526
"11",70,28988,927,6319,21
"14",70,645,22,301,0
"01",70,76392,3152,27430,251
"16",70,10786,424,4144,11
"20",70,2928,119,1319,4
"19",70,6389,242,3240,27
"09",70,21288,872,9563,38
"22",70,11807,429,4247,66
"10",70,2096,68,1394,0
"02",70,4145,138,1142,6
"05",70,37753,1516,18318,94
"13",71,9019,332,3000,4
"17",71,705,25,386,0
"21",71,8215,284,2541,5
"18",71,2594,88,1118,4
"15",71,10580,366,4498,14
"08",71,113438,3666,26175,159
"06",71,8529,299,3076,4
"12",71,12661,524,6847,38
"07",71,33596,1221,8412,53
"03",71,465208,14294,78105,577
"11",71,29920,932,6363,44
"14",71,667,22,301,0
"01",71,79578,3186,27622,192
"16",71,11215,429,4153,9
"20",71,3047,119,1317,-2
"19",71,6633,244,3255,15
"09",71,22169,881,9601,38
"22",71,12237,430,4258,11
"10",71,2166,70,1394,0
"02",71,4284,139,1143,1
"05",71,39281,1528,18373,55
"13",72,9354,335,3025,25
"17",72,730,25,396,10
"21",72,8501,286,2542,1
"18",72,2682,88,1119,1
"15",72,10949,369,4518,20
"08",72,117143,3705,26275,100
"06",72,8832,303,3085,9
"12",72,13195,534,6914,67
"07",72,34828,1232,8475,63
"03",72,479597,14389,78605,500
"11",72,30856,936,6392,29
"14",72,689,22,301,0
"01",72,82794,3216,27774,152
"16",72,11648,433,4170,17
"20",72,3166,119,1318,1
"19",72,6880,247,3267,12
"09",72,23058,889,9631,30
"22",72,12670,433,4261,3
"10",72,2236,70,1400,6
"02",72,4423,139,1143,0
"05",72,40826,1545,18402,29
"13",73,9695,341,3047,22
"17",73,755,25,399,3
"21",73,8787,286,2543,1
"18",73,2771,89,1122,3
"15",73,11325,376,4532,14
"08",73,120880,3737,26379,104
"06",73,9138,306,3094,9
"12",73,13733,538,6995,81
"07",73,36071,1243,8551,76
"03",73,494208,14611,79369,764
"11",73,31799,943,6421,29
"14",73,711,22,304,3
"01",73,86041,3247,27939,165
"16",73,12086,438,4196,26
"20",73,3285,119,1319,1
"19",73,7130,250,3281,14
"09",73,23957,899,9657,26
"22",73,13107,437,4280,19
"10",73,2306,70,1404,4
"02",73,4562,139,1146,3
"05",73,42394,1568,18479,77
"13",74,10043,348,3072,25
"17",74,781,26,383,-16
"21",74,9073,286,2552,9
"18",74,2860,89,1125,3
"15",74,11704,379,4541,9
"08",74,124646,3766,26487,108
"06",74,9446,308,3107,13
"12",74,14276,543,7034,39
"07",74,37325,1254,8645,94
"03",74,508953,14745,80089,720
"11",74,32747,948,6452,31
"14",74,733,22,305,1
"01",74,89323,3282,28135,196
"16",74,12527,441,4245,49
"20",74,3404,119,1324,5
"19",74,7381,251,3288,7
"09",74,24872,915,9683,26
"22",74,13545,438,4283,3
"10",74,2376,70,1405,1
"02",74,4701,139,1150,4
"05",74,43983,1589,18553,74
"13",75,10394,351,3078,6
"17",75,807,26,382,-1
"21",75,9362,289,2558,6
"18",75,2950,90,1126,1
"15",75,12090,386,4562,21
"08",75,128443,3797,26598,111
"06",75,9754,308,3116,9
"12",75,14825,549,7086,52
"07",75,38590,1265,8723,78
"03",75,523792,14839,80723,634
"11",75,33701,954,6470,18
"14",75,755,22,327,22
"01",75,92628,3305,28368,233
"16",75,12970,443,4256,11
"20",75,3523,119,1330,6
"19",75,7634,253,3301,13
"09",75,25802,930,9721,38
"22",75,13983,438,4285,2
"10",75,2447,71,1406,1
"02",75,4840,139,1151,1
"05",75,45610,1627,18618,65
"13",76,10749,355,3086,8
"17",76,834,27,382,0
"21",76,9652,290,2567,9
"18",76,3040,90,1129,3
"15",76,12478,388,4576,14
"08",76,132270,3827,26719,121
"06",76,10062,308,3124,8
"12",76,15378,553,7133,47
"07",76,39866,1276,8738,15
"03",76,538716,14924,81225,502
"11",76,34659,958,6493,23
"14",76,777,22,347,20
"01",76,95959,3331,28549,181
"16",76,13413,443,4286,30
"20",76,3642,119,1334,4
"19",76,7890,256,3313,12
"09",76,26739,937,9745,24
"22",76,14421,438,4292,7
"10",76,2518,71,1407,1
"02",76,4979,139,1152,1
"05",76,47253,1643,18671,53
"13",77,11108,359,3103,17
"17",77,861,27,385,3
"21",77,9942,290,2569,2
"18",77,3131,91,1132,3
"15",77,12869,391,4588,12
"08",77,136115,3845,26796,77
"06",77,10372,310,3130,6
"12",77,15935,557,7165,32
"07",77,41147,1281,8788,50
"03",77,553702,14986,81507,282
"11",77,35619,960,6533,40
"14",77,799,22,370,23
"01",77,99326,3367,28665,116
"16",77,13861,448,4313,27
"20",77,3762,120,1340,6
"19",77,8146,256,3327,14
"09",77,27681,942,9774,29
"22",77,14862,441,4295,3
"10",77,2589,71,1411,4
"02",77,5118,139,1157,5
"05",77,48910,1657,18722,51
"13",78,11474,366,3107,4
"17",78,888,27,386,1
"21",78,10232,290,2572,3
"18",78,3224,93,1134,2
"15",78,13261,392,4602,14
"08",78,139982,3867,26876,80
"06",78,10684,312,3138,8
"12",78,16497,562,7190,25
"07",78,42440,1293,8832,44
"03",78,568756,15054,81871,364
"11",78,36583,964,6543,10
"14",78,821,22,383,13
"01",78,102726,3400,28776,111
"16",78,14312,451,4327,14
"20",78,3882,120,1343,3
"19",78,8403,257,3339,12
"09",78,28631,950,9787,13
"22",78,15305,443,4297,2
"10",78,2660,71,1412,1
"02",78,5257,139,1158,1
"05",78,50576,1666,18741,19
"13",79,11844,370,3115,8
"17",79,915,27,387,1
"21",79,10522,290,2572,0
"18",79,3317,93,1138,4
"15",79,13654,393,4615,13
"08",79,143867,3885,26929,53
"06",79,10997,313,3148,10
"12",79,17063,566,7212,22
"07",79,43741,1301,8863,31
"03",79,583872,15116,82904,1033
"11",79,37552,969,6568,25
"14",79,843,22,386,3
"01",79,106154,3428,28889,113
"16",79,14768,456,4337,10
"20",79,4002,120,1344,1
"19",79,8664,261,3343,4
"09",79,29590,959,9802,15
"22",79,15750,445,4303,6
"10",79,2731,71,1419,7
"02",79,5397,140,1160,2
"05",79,52262,1686,18782,41
"13",80,12219,375,3127,12
"17",80,942,27,389,2
"21",80,10812,290,2575,3
"18",80,3410,93,1140,2
"15",80,14048,394,4630,15
"08",80,147772,3905,26979,50
"06",80,11313,316,3156,8
"12",80,17640,577,7250,38
"07",80,45055,1314,8930,67
"03",80,599057,15185,83298,394
"11",80,38523,971,6588,20
"14",80,865,22,401,15
"01",80,109614,3460,29058,169
"16",80,15228,460,4348,11
"20",80,4122,120,1345,1
"19",80,8926,262,3354,11
"09",80,30554,964,9829,27
"22",80,16196,446,4312,9
"10",80,2803,72,1419,0
"02",80,5538,141,1163,3
"05",80,53974,1712,18813,31
"13",81,12598,379,3136,9
"17",81,969,27,389,0
"21",81,11102,290,2578,3
"18",81,3505,95,1143,3
"15",81,14442,394,4639,9
"08",81,151702,3930,27056,77
"06",81,11630,317,3161,5
"12",81,18235,595,7291,41
"07",81,46384,1329,8995,65
"03",81,614353,15296,83820,522
"11",81,39497,974,6603,15
"14",81,887,22,403,2
"01",81,113107,3493,29209,151
"16",81,15689,461,4357,9
"20",81,4247,125,1345,0
"19",81,9189,263,3366,12
"09",81,31527,973,9859,30
"22",81,16644,448,4315,3
"10",81,2876,73,1420,1
"02",81,5679,141,1166,3
"05",81,55717,1743,18845,32
"13",82,12979,381,3148,12
"17",82,996,27,389,0
"21",82,11392,290,2578,0
"18",82,3600,95,1144,1
"15",82,14838,396,4654,15
"08",82,155645,3943,27110,54
"06",82,11948,318,3175,14
"12",82,18839,604,7364,73
"07",82,47720,1336,9060,65
"03",82,629764,15411,84119,299
"11",82,40474,977,6619,16
"14",82,909,22,407,4
"01",82,116664,3557,29346,137
"16",82,16150,461,4366,9
"20",82,4372,125,1348,3
"19",82,9452,263,3374,8
"09",82,32503,976,9883,24
"22",82,17095,451,4318,3
"10",82,2949,73,1422,2
"02",82,5821,142,1172,6
"05",82,57479,1762,18889,44
"13",83,13362,383,3178,30
"17",83,1023,27,390,1
"21",83,11682,290,2578,0
"18",83,3695,95,1151,7
"15",83,15234,396,4668,14
"08",83,159605,3960,27182,72
"06",83,12267,319,3183,8
"12",83,19455,616,7396,32
"07",83,49066,1346,9111,51
"03",83,645214,15450,84518,399
"11",83,41456,982,6642,23
"14",83,931,22,410,3
"01",83,120258,3594,29483,137
"16",83,16613,463,4374,8
"20",83,4497,125,1352,4
"19",83,9717,265,3382,8
"09",83,33482,979,9913,30
"22",83,17548,453,4326,8
"10",83,3022,73,1422,0
"02",83,5963,142,1173,1
"05",83,59262,1783,18928,39
"13",84,13747,385,3186,8
"17",84,1050,27,392,2
"21",84,11972,290,2581,3
"18",84,3790,95,1151,0
"15",84,15630,396,4684,16
"08",84,163578,3973,27232,50
"06",84,12586,319,3191,8
"12",84,20077,622,7446,50
"07",84,50421,1355,9159,48
"03",84,660733,15519,84844,326
"11",84,42440,984,6667,25
"14",84,953,22,411,1
"01",84,123870,3612,29547,64
"16",84,17083,470,4379,5
"20",84,4622,125,1353,1
"19",84,9984,267,3388,6
"09",84,34466,984,9948,35
"22",84,18001,453,4338,12
"10",84,3095,73,1424,2
"02",84,6106,143,1173,0
"05",84,61056,1794,18941,13
"13",85,14135,388,3193,7
"17",85,1077,27,392,0
"21",85,12263,291,2582,1
"18",85,3885,95,1151,0
"15",85,16029,399,4695,11
"08",85,167564,3986,27267,35
"06",85,12906,320,3198,7
"12",85,20705,628,7485,39
"07",85,51788,1367,9191,32
"03",85,676276,15543,85019,175
"11",85,43424,984,6678,11
"14",85,975,22,422,11
"01",85,127502,3632,29619,72
"16",85,17554,471,4386,7
"20",85,4748,126,1353,0
"19",85,10251,267,3395,7
"09",85,35455,989,9961,13
"22",85,18454,453,4351,13
"10",85,3168,73,1424,0
"02",85,6249,143,1174,1
"05",85,62859,1803,18950,9
"13",86,14524,389,3197,4
"17",86,1104,27,393,1
"21",86,12554,291,2587,5
"18",86,3980,95,1153,2
"15",86,16428,399,4707,12
"08",86,171561,3997,27314,47
"06",86,13226,320,3203,5
"12",86,21345,640,7505,20
"07",86,53164,1376,9257,66
"03",86,691873,15597,85481,462
"11",86,44410,986,6675,-3
"14",86,997,22,422,0
"01",86,131181,3679,29727,108
"16",86,18027,473,4396,10
"20",86,4874,126,1354,1
"19",86,10519,268,3403,8
"09",86,36447,992,9968,7
"22",86,18909,455,4358,7
"10",86,3242,74,1427,3
"02",86,6392,143,1175,1
"05",86,64679,1820,18997,47
"13",87,14913,389,3205,8
"17",87,1131,27,393,0
"21",87,12845,291,2587,0
"18",87,4076,96,1156,3
"15",87,16829,401,4714,7
"08",87,175569,4008,27364,50
"06",87,13548,322,3209,6
"12",87,21992,647,7533,28
"07",87,54550,1386,9289,32
"03",87,707535,15662,85775,294
"11",87,45397,987,6677,2
"14",87,1019,22,422,0
"01",87,134899,3718,29885,158
"16",87,18505,478,4407,11
"20",87,5000,126,1355,1
"19",87,10787,268,3411,8
"09",87,37445,998,9982,14
"22",87,19364,455,4368,10
"10",87,3316,74,1427,0
"02",87,6535,143,1175,0
"05",87,66511,1832,19030,33
"13",88,15304,391,3212,7
"17",88,1158,27,394,1
"21",88,13136,291,2587,0
"18",88,4172,96,1156,0
"15",88,17232,403,4723,9
"08",88,179594,4025,27417,53
"06",88,13871,323,3215,6
"12",88,22654,662,7558,25
"07",88,55947,1397,9344,55
"03",88,723262,15727,86091,316
"11",88,46387,990,6689,12
"14",88,1041,22,423,1
"01",88,138641,3742,29990,105
"16",88,18983,478,4413,6
"20",88,5127,127,1356,1
"19",88,11055,268,3417,6
"09",88,38449,1004,10000,18
"22",88,19819,455,4378,10
"10",88,3390,74,1429,2
"02",88,6678,143,1176,1
"05",88,68352,1841,19038,8
"13",89,15698,394,3220,8
"17",89,1185,27,394,0
"21",89,13427,291,2590,3
"18",89,4268,96,1157,1
"15",89,17636,404,4733,10
"08",89,183631,4037,27470,53
"06",89,14196,325,3227,12
"12",89,23323,669,7589,31
"07",89,57354,1407,9389,45
"03",89,739046,15784,86384,293
"11",89,47377,990,6697,8
"14",89,1063,22,426,3
"01",89,142398,3757,30077,87
"16",89,19465,482,4440,27
"20",89,5255,128,1356,0
"19",89,11323,268,3421,4
"09",89,39458,1009,10035,35
"22",89,20274,455,4388,10
"10",89,3464,74,1429,0
"02",89,6821,143,1177,1
"05",89,70206,1854,19059,21
"13",90,16092,394,3221,1
"17",90,1212,27,398,4
"21",90,13718,291,2590,0
"18",90,4364,96,1157,0
"15",90,18040,404,4744,11
"08",90,187678,4047,27513,43
"06",90,14523,327,3233,6
"12",90,23999,676,7607,18
"07",90,58768,1414,9427,38
"03",90,754886,15840,86825,441
"11",90,48370,993,6701,4
"14",90,1085,22,431,5
"01",90,146169,3771,30137,60
"16",90,19951,486,4448,8
"20",90,5384,129,1356,0
"19",90,11592,269,3421,0
"09",90,40469,1011,10047,12
"22",90,20730,456,4395,7
"10",90,3538,74,1430,1
"02",90,6964,143,1177,0
"05",90,72071,1865,19069,10
"13",91,16490,398,3226,5
"17",91,1239,27,399,1
"21",91,14009,291,2593,3
"18",91,4460,96,1157,0
"15",91,18445,405,4749,5
"08",91,191733,4055,27558,45
"06",91,14852,329,3236,3
"12",91,24683,684,7627,20
"07",91,60187,1419,9480,53
"03",91,770726,15840,87110,285
"11",91,49364,994,6714,13
"14",91,1107,22,432,1
"01",91,149952,3783,30180,43
"16",91,20438,487,4458,10
"20",91,5513,129,1356,0
"19",91,11861,269,3423,2
"09",91,41482,1013,10062,15
"22",91,21187,457,4404,9
"10",91,3613,75,1430,0
"02",91,7107,143,1178,1
"05",91,73940,1869,19086,17
"13",92,16890,400,3227,1
"17",92,1266,27,399,0
"21",92,14300,291,2593,0
"18",92,4556,96,1157,0
"15",92,18850,405,4755,6
"08",92,195801,4068,27587,29
"06",92,15181,329,3240,4
"12",92,25371,688,7643,16
"07",92,61612,1425,9497,17
"03",92,786600,15874,87258,148
"11",92,50359,995,6716,2
"14",92,1129,22,432,0
"01",92,153750,3798,30228,48
"16",92,20929,491,4467,9
"20",92,5642,129,1354,-2
"19",92,12131,270,3427,4
"09",92,42497,1015,10067,5
"22",92,21645,458,4405,1
"10",92,3688,75,1430,0
"02",92,7250,143,1179,1
"05",92,75818,1878,19097,11
"13",93,17290,400,3230,3
"17",93,1293,27,399,0
"21",93,14591,291,2593,0
"18",93,4652,96,1157,0
"15",93,19255,405,4767,12
"08",93,199877,4076,27611,24
"06",93,15510,329,3251,11
"12",93,26064,693,7661,18
"07",93,63043,1431,9550,53
"03",93,802496,15896,87417,159
"11",93,51355,996,6718,2
"14",93,1151,22,432,0
"01",93,157562,3812,30314,86
"16",93,21423,494,4469,2
"20",93,5772,130,1354,0
"19",93,12402,271,3430,3
"09",93,43518,1021,10070,3
"22",93,22106,461,4415,10
"10",93,3763,75,1431,1
"02",93,7393,143,1181,2
"05",93,77704,1886,19105,8
"13",94,17690,400,3235,5
"17",94,1320,27,399,0
"21",94,14882,291,2593,0
"18",94,4748,96,1158,1
"15",94,19661,406,4773,6
"08",94,203960,4083,27627,16
"06",94,15841,331,3255,4
"12",94,26765,701,7672,11
"07",94,64481,1438,9589,39
"03",94,818450,15954,87801,384
"11",94,52351,996,6718,0
"14",94,1173,22,434,2
"01",94,161390,3828,30387,73
"16",94,21918,495,4479,10
"20",94,5902,130,1355,1
"19",94,12674,272,3435,5
"09",94,44545,1027,10082,12
"22",94,22568,462,4422,7
"10",94,3838,75,1431,0
"02",94,7536,143,1181,0
"05",94,79599,1895,19113,8
"13",95,18092,402,3237,2
"17",95,1347,27,399,0
"21",95,15173,291,2595,2
"18",95,4844,96,1158,0
"15",95,20071,410,4777,4
"08",95,208054,4094,27701,74
"06",95,16174,333,3262,7
"12",95,27473,708,7693,21
"07",95,65926,1445,9605,16
"03",95,834424,15974,88183,382
"11",95,53348,997,6719,1
"14",95,1195,22,435,1
"01",95,165228,3838,30445,58
"16",95,22414,496,4481,2
"20",95,6032,130,1355,0
"19",95,12946,272,3438,3
"09",95,45574,1029,10086,4
"22",95,23030,462,4425,3
"10",95,3913,75,1431,0
"02",95,7679,143,1182,1
"05",95,81497,1898,19125,12
"13",96,18496,404,3237,0
"17",96,1374,27,399,0
"21",96,15464,291,2595,0
"18",96,4941,97,1158,0
"15",96,20482,411,4787,10
"08",96,212156,4102,27739,38
"06",96,16507,333,3267,5
"12",96,28194,721,7709,16
"07",96,67378,1452,9619,14
"03",96,850436,16012,88537,354
"11",96,54334,986,6723,4
"14",96,1217,22,436,1
"01",96,169079,3851,30501,56
"16",96,22914,500,4482,1
"20",96,6162,130,1356,1
"19",96,13218,272,3440,2
"09",96,46605,1031,10088,2
"22",96,23492,462,4428,3
"10",96,3989,76,1431,0
"02",96,7822,143,1182,0
"05",96,83403,1906,19134,9
"13",97,18900,404,3237,0
"17",97,1401,27,399,0
"21",97,15755,291,2596,1
"18",97,5038,97,1158,0
"15",97,20893,411,4797,10
"08",97,216263,4107,27759,20
"06",97,16840,333,3271,4
"12",97,28922,728,7715,6
"07",97,68837,1459,9651,32
"03",97,866515,16079,88758,221
"11",97,55321,987,6727,4
"14",97,1239,22,436,0
"01",97,172937,3858,30583,82
"16",97,23414,500,4490,8
"20",97,6292,130,1356,0
"19",97,13491,273,3442,2
"09",97,47642,1037,10100,12
"22",97,23954,462,4429,1
"10",97,4065,76,1431,0
"02",97,7965,143,1183,1
"05",97,85319,1916,19146,12
"13",98,19305,405,3244,7
"17",98,1428,27,399,0
"21",98,16046,291,2597,1
"18",98,5135,97,1158,0
"15",98,21305,412,4802,5
"08",98,220377,4114,27790,31
"06",98,17173,333,3273,2
"12",98,29657,735,7728,13
"07",98,70302,1465,9663,12
"03",98,882627,16112,88968,210
"11",98,56308,987,6730,3
"14",98,1261,22,436,0
"01",98,176804,3867,30637,54
"16",98,23918,504,4494,4
"20",98,6422,130,1356,0
"19",98,13765,274,3443,1
"09",98,48683,1041,10104,4
"22",98,24416,462,4430,1
"10",98,4141,76,1431,0
"02",98,8108,143,1184,1
"05",98,87237,1918,19152,6
"13",99,19713,408,3245,1
"17",99,1455,27,399,0
"21",99,16337,291,2598,1
"18",99,5232,97,1158,0
"15",99,21718,413,4806,4
"08",99,224501,4124,27809,19
"06",99,17508,335,3274,1
"12",99,30396,739,7738,10
"07",99,71769,1467,9719,56
"03",99,898758,16131,89018,50
"11",99,57295,987,6730,0
"14",99,1283,22,436,0
"01",99,180680,3876,30658,21
"16",99,24424,506,4498,4
"20",99,6553,131,1357,1
"19",99,14039,274,3443,0
"09",99,49731,1048,10107,3
"22",99,24878,462,4432,2
"10",99,4217,76,1431,0
"02",99,8251,143,1187,3
"05",99,89155,1918,19154,2
"13",100,20126,413,3249,4
"17",100,1482,27,399,0
"21",100,16628,291,2598,0
"18",100,5329,97,1158,0
"15",100,22133,415,4809,3
"08",100,228637,4136,27828,19
"06",100,17844,336,3276,2
"12",100,31137,741,7743,5
"07",100,73237,1468,9734,15
"03",100,914901,16143,89205,187
"11",100,58282,987,6734,4
"14",100,1305,22,436,0
"01",100,184564,3884,30715,57
"16",100,24932,508,4498,0
"20",100,6684,131,1357,0
"19",100,14314,275,3447,4
"09",100,50784,1053,10117,10
"22",100,25341,463,4432,0
"10",100,4293,76,1431,0
"02",100,8394,143,1187,0
"05",100,91076,1921,19162,8
"13",101,20540,414,3252,3
"17",101,1509,27,399,0
"21",101,16919,291,2598,0
"18",101,5426,97,1158,0
"15",101,22548,415,4821,12
"08",101,232784,4147,27842,14
"06",101,18180,336,3276,0
"12",101,31884,747,7753,10
"07",101,74710,1473,9751,17
"03",101,931073,16172,89442,237
"11",101,59269,987,6735,1
"14",101,1327,22,436,0
"01",101,188462,3898,30734,19
"16",101,25443,511,4499,1
"20",101,6815,131,1357,0
"19",101,14589,275,3447,0
"09",101,51839,1055,10121,4
"22",101,25804,463,4433,1
"10",101,4369,76,1431,0
"02",101,8537,143,1187,0
"05",101,92997,1921,19164,2
"13",102,20955,415,3255,3
"17",102,1536,27,399,0
"21",102,17211,292,2598,0
"18",102,5523,97,1158,0
"15",102,22968,420,4822,1
"08",102,236938,4154,27860,18
"06",102,18516,336,3279,3
"12",102,32634,750,7764,11
"07",102,76189,1479,9772,21
"03",102,947274,16201,89526,84
"11",102,60257,988,6738,3
"14",102,1350,23,436,0
"01",102,192372,3910,30758,24
"16",102,25957,514,4503,4
"20",102,6946,131,1357,0
"19",102,14865,276,3447,0
"09",102,52898,1059,10122,1
"22",102,26268,464,4433,0
"10",102,4445,76,1431,0
"02",102,8680,143,1187,0
"05",102,94931,1934,19168,4
